{"count":1,"self":355.574656,"total":858.64746949999994,"children":{"InitializeActuators":{"count":1,"self":0.0019955,"total":0.0019955,"children":null},"InitializeSensors":{"count":1,"self":0.00099669999999999989,"total":0.00099669999999999989,"children":null},"AgentSendState":{"count":500134,"self":1.8109651999999998,"total":5.3581099,"children":{"CollectObservations":{"count":50014,"self":0.3026126,"total":0.3026126,"children":null},"WriteActionMask":{"count":50014,"self":0.068624999999999992,"total":0.068624999999999992,"children":null},"RequestDecision":{"count":50014,"self":0.46429119999999996,"total":3.1759071999999997,"children":{"AgentInfo.ToProto":{"count":50014,"self":0.5373799,"total":2.711616,"children":{"GenerateSensorData":{"count":50014,"self":2.174236,"total":2.1742361,"children":null}}}}}}},"DecideAction":{"count":500134,"self":490.80294399999997,"total":490.8029388,"children":null},"AgentAct":{"count":500134,"self":6.8121687999999994,"total":6.9077506,"children":{"AgentInfo.ToProto":{"count":1853,"self":0.027000899999999998,"total":0.095582099999999989,"children":{"GenerateSensorData":{"count":1853,"self":0.0685812,"total":0.0685812,"children":null}}}}}},"gauges":{"RollerBall.CumulativeReward":{"count":1853,"max":4.5,"min":0,"runningAverage":0.218024939,"value":0,"weightedAverage":0.1751404}},"metadata":{"timer_format_version":"0.1.0","start_time_seconds":"1652864894","unity_version":"2020.3.30f1","command_line_arguments":"C:\\Program Files\\Unity\\Hub\\Editor\\2020.3.30f1\\Editor\\Unity.exe -projectpath D:\\VR_Final\\RollerBall_Assign3_Q1 -useHub -hubIPC -cloudEnvironment production -licensingIpc LicenseClient-abhi -hubSessionId 9e82d0d0-d49d-11ec-9122-6ff2bb902c44 -accessToken HPAoea2V2k4xCsvKtwCbNKifQBnE2Zh4Nhxne0UY4cg00cf","communication_protocol_version":"1.5.0","com.unity.ml-agents_version":"2.2.1-exp.1","scene_name":"Enemy","end_time_seconds":"1652865753"}}